sim,time,trap.id,nmales,ntrees,type,lure
1,65,91,9,8,rand2,50
2,58,72,5,10,rand2,50
3,63,97,8,10,rand2,50
4,36,47,2,1,rand2,50
5,59,100,11,7,rand2,50
6,63,79,9,16,rand2,50
7,54,97,21,13,rand2,50
8,61,51,10,10,rand2,50
9,54,93,15,5,rand2,50
10,50,32,14,5,rand2,50
11,58,77,19,9,rand2,50
12,66,7,18,7,rand2,50
13,64,36,14,10,rand2,50
14,48,44,5,4,rand2,50
15,44,7,7,2,rand2,50
16,47,83,4,4,rand2,50
17,53,93,22,7,rand2,50
18,54,93,11,5,rand2,50
19,58,12,17,14,rand2,50
20,64,79,12,14,rand2,50
21,48,32,10,2,rand2,50
22,70,50,67,20,rand2,50
23,55,8,9,4,rand2,50
24,73,22,125,34,rand2,50
25,46,93,4,3,rand2,50
26,60,62,8,8,rand2,50
27,53,52,16,8,rand2,50
28,53,77,16,7,rand2,50
29,65,74,14,5,rand2,50
30,63,58,11,11,rand2,50
31,38,46,1,1,rand2,50
32,57,91,11,5,rand2,50
33,50,14,6,7,rand2,50
34,63,54,16,8,rand2,50
35,49,32,4,9,rand2,50
36,66,31,12,15,rand2,50
37,56,88,11,6,rand2,50
38,70,17,71,6,rand2,50
39,39,39,2,2,rand2,50
40,52,7,12,7,rand2,50
41,69,22,57,10,rand2,50
42,72,6,21,22,rand2,50
43,38,96,2,1,rand2,50
44,54,7,19,5,rand2,50
45,76,80,47,41,rand2,50
46,72,99,97,10,rand2,50
47,51,22,13,3,rand2,50
48,37,76,2,1,rand2,50
49,62,79,10,14,rand2,50
50,60,66,10,8,rand2,50
51,46,93,9,6,rand2,50
52,57,100,10,7,rand2,50
53,45,81,3,6,rand2,50
54,70,12,72,16,rand2,50
55,49,93,3,6,rand2,50
56,70,27,20,18,rand2,50
57,50,30,6,4,rand2,50
58,57,22,19,15,rand2,50
59,46,79,7,8,rand2,50
60,40,100,5,2,rand2,50
61,53,65,20,8,rand2,50
62,44,93,4,1,rand2,50
63,41,7,3,2,rand2,50
64,63,88,8,4,rand2,50
65,56,58,17,10,rand2,50
66,59,72,10,5,rand2,50
67,45,32,6,3,rand2,50
68,39,88,3,2,rand2,50
69,71,17,83,10,rand2,50
70,55,22,8,9,rand2,50
71,60,93,13,8,rand2,50
72,79,74,208,36,rand2,50
73,56,88,13,5,rand2,50
74,50,100,14,11,rand2,50
75,69,77,64,15,rand2,50
76,48,93,7,4,rand2,50
77,66,89,21,8,rand2,50
78,42,99,5,3,rand2,50
79,52,74,16,4,rand2,50
80,78,32,249,174,rand2,50
81,71,79,94,10,rand2,50
82,51,66,6,6,rand2,50
83,54,58,17,10,rand2,50
84,68,88,34,8,rand2,50
85,70,42,68,15,rand2,50
86,48,99,10,6,rand2,50
87,50,93,17,6,rand2,50
88,71,54,91,31,rand2,50
89,46,88,4,3,rand2,50
90,54,93,13,5,rand2,50
91,61,81,10,6,rand2,50
92,50,17,9,6,rand2,50
93,65,65,16,11,rand2,50
94,52,79,14,13,rand2,50
95,46,17,4,4,rand2,50
96,56,81,11,6,rand2,50
97,50,93,19,7,rand2,50
98,68,74,27,9,rand2,50
99,72,12,111,16,rand2,50
100,48,99,2,5,rand2,50
101,50,79,12,7,rand2,50
102,52,91,15,5,rand2,50
103,37,62,2,2,rand2,50
104,57,77,10,5,rand2,50
105,67,81,20,8,rand2,50
106,69,13,59,15,rand2,50
107,52,79,18,7,rand2,50
108,50,100,13,8,rand2,50
109,51,99,9,8,rand2,50
110,69,91,68,12,rand2,50
111,60,88,12,8,rand2,50
112,40,91,3,3,rand2,50
113,42,93,4,4,rand2,50
114,67,58,23,9,rand2,50
115,70,93,58,11,rand2,50
116,69,79,58,18,rand2,50
117,51,99,7,8,rand2,50
118,46,99,5,3,rand2,50
119,61,17,14,7,rand2,50
120,42,91,2,5,rand2,50
121,55,63,11,4,rand2,50
122,69,97,69,19,rand2,50
123,47,57,7,5,rand2,50
124,42,24,1,4,rand2,50
125,60,32,9,12,rand2,50
126,81,83,329,200,rand2,50
127,46,83,9,4,rand2,50
128,45,72,5,4,rand2,50
129,54,69,14,6,rand2,50
130,71,6,16,18,rand2,50
131,54,79,16,10,rand2,50
132,52,99,19,9,rand2,50
133,56,83,14,8,rand2,50
134,64,99,16,8,rand2,50
135,59,93,15,5,rand2,50
136,58,72,10,7,rand2,50
137,66,39,24,11,rand2,50
138,53,97,11,6,rand2,50
139,54,3,15,12,rand2,50
140,48,65,10,3,rand2,50
141,58,76,15,6,rand2,50
142,74,39,119,10,rand2,50
143,47,24,6,5,rand2,50
144,53,83,17,6,rand2,50
145,70,39,73,8,rand2,50
146,52,50,13,10,rand2,50
147,56,79,10,6,rand2,50
148,51,79,11,4,rand2,50
149,44,77,2,5,rand2,50
150,76,79,148,24,rand2,50
151,59,93,16,8,rand2,50
152,50,88,15,7,rand2,50
153,74,50,41,30,rand2,50
154,54,74,14,8,rand2,50
155,51,50,13,6,rand2,50
156,68,47,35,7,rand2,50
157,43,69,7,2,rand2,50
158,69,2,49,10,rand2,50
159,55,79,26,7,rand2,50
160,57,32,10,6,rand2,50
161,73,76,127,32,rand2,50
162,52,45,16,7,rand2,50
163,48,32,5,5,rand2,50
164,54,12,11,6,rand2,50
165,66,62,5,5,rand2,50
166,71,79,90,17,rand2,50
167,50,93,13,6,rand2,50
168,53,91,18,7,rand2,50
169,39,32,1,2,rand2,50
170,55,79,13,9,rand2,50
171,37,79,1,3,rand2,50
172,62,31,11,8,rand2,50
173,51,39,16,6,rand2,50
174,48,24,7,3,rand2,50
175,41,88,3,5,rand2,50
176,58,44,12,10,rand2,50
177,57,79,19,6,rand2,50
178,60,63,9,5,rand2,50
179,56,17,13,9,rand2,50
180,71,82,87,23,rand2,50
181,55,95,7,10,rand2,50
182,58,97,7,12,rand2,50
183,51,88,10,7,rand2,50
184,59,97,16,7,rand2,50
185,55,99,17,4,rand2,50
186,45,52,6,6,rand2,50
187,73,32,131,25,rand2,50
188,59,91,15,5,rand2,50
189,40,88,2,3,rand2,50
190,52,91,13,6,rand2,50
191,61,39,10,5,rand2,50
192,47,17,9,2,rand2,50
193,50,32,14,8,rand2,50
194,62,7,7,9,rand2,50
195,54,77,12,8,rand2,50
196,65,83,8,14,rand2,50
197,72,93,97,10,rand2,50
198,41,91,4,4,rand2,50
199,48,90,5,5,rand2,50
200,71,99,85,17,rand2,50
201,72,39,95,17,rand2,50
202,50,79,18,10,rand2,50
203,41,22,5,3,rand2,50
204,53,52,10,8,rand2,50
205,53,100,8,6,rand2,50
206,52,63,13,5,rand2,50
207,50,68,19,10,rand2,50
208,66,74,16,7,rand2,50
209,49,90,6,3,rand2,50
210,72,70,107,33,rand2,50
211,61,17,13,8,rand2,50
212,56,42,9,10,rand2,50
213,54,88,13,3,rand2,50
214,60,88,8,4,rand2,50
215,44,4,7,5,rand2,50
216,56,79,15,10,rand2,50
217,38,97,2,3,rand2,50
218,41,93,5,4,rand2,50
219,72,39,98,18,rand2,50
220,72,12,95,12,rand2,50
221,52,50,13,8,rand2,50
222,59,79,10,8,rand2,50
223,72,22,102,38,rand2,50
224,40,72,2,4,rand2,50
225,74,79,117,18,rand2,50
226,53,74,18,8,rand2,50
227,35,93,1,1,rand2,50
228,72,54,101,36,rand2,50
229,74,42,113,14,rand2,50
230,60,79,11,8,rand2,50
231,73,39,110,14,rand2,50
232,51,72,19,6,rand2,50
233,61,69,12,7,rand2,50
234,71,79,97,31,rand2,50
235,41,83,5,4,rand2,50
236,51,93,11,9,rand2,50
237,72,100,102,25,rand2,50
238,50,90,13,7,rand2,50
239,63,30,8,12,rand2,50
240,54,7,15,4,rand2,50
241,60,81,12,5,rand2,50
242,68,97,41,8,rand2,50
243,49,32,6,3,rand2,50
244,69,97,48,21,rand2,50
245,57,95,7,11,rand2,50
246,45,77,6,5,rand2,50
247,51,79,21,10,rand2,50
248,56,32,13,9,rand2,50
249,56,77,17,4,rand2,50
250,55,57,10,5,rand2,50
251,74,79,132,17,rand2,50
252,70,88,80,11,rand2,50
253,35,88,2,1,rand2,50
254,42,93,5,2,rand2,50
255,49,32,8,7,rand2,50
256,63,54,23,5,rand2,50
257,71,33,87,18,rand2,50
258,42,72,2,3,rand2,50
259,49,65,8,4,rand2,50
260,38,83,4,5,rand2,50
261,36,93,1,3,rand2,50
262,51,99,17,7,rand2,50
263,54,72,9,4,rand2,50
264,60,12,12,6,rand2,50
265,56,53,11,7,rand2,50
266,48,58,8,5,rand2,50
267,79,32,268,201,rand2,50
268,69,91,44,11,rand2,50
269,55,97,11,2,rand2,50
270,59,74,11,8,rand2,50
271,45,65,4,3,rand2,50
272,52,24,7,10,rand2,50
273,62,13,16,6,rand2,50
274,45,76,6,3,rand2,50
275,51,91,14,7,rand2,50
276,46,12,4,6,rand2,50
277,55,64,13,11,rand2,50
278,53,52,12,7,rand2,50
279,47,73,5,4,rand2,50
280,58,76,20,7,rand2,50
281,69,99,45,19,rand2,50
282,51,88,11,6,rand2,50
283,57,58,11,13,rand2,50
284,58,12,10,7,rand2,50
285,42,11,3,4,rand2,50
286,55,74,19,8,rand2,50
287,60,97,10,10,rand2,50
288,72,58,114,40,rand2,50
289,42,39,7,5,rand2,50
290,50,100,18,9,rand2,50
291,67,15,26,12,rand2,50
292,60,39,9,5,rand2,50
293,57,36,10,8,rand2,50
294,54,76,12,4,rand2,50
295,39,17,2,4,rand2,50
296,49,76,4,4,rand2,50
297,61,75,17,5,rand2,50
298,61,17,11,7,rand2,50
299,51,93,22,5,rand2,50
300,83,23,333,205,rand2,50
301,83,83,339,187,rand2,50
302,66,91,21,5,rand2,50
303,59,93,12,8,rand2,50
304,51,79,18,6,rand2,50
305,61,63,15,8,rand2,50
306,46,7,5,4,rand2,50
307,49,17,2,4,rand2,50
308,45,49,6,5,rand2,50
309,44,80,4,4,rand2,50
310,53,12,18,7,rand2,50
311,65,52,7,12,rand2,50
312,47,93,12,7,rand2,50
313,61,50,19,5,rand2,50
314,52,76,10,5,rand2,50
315,74,83,37,43,rand2,50
316,45,39,5,4,rand2,50
317,61,74,8,10,rand2,50
318,49,99,3,10,rand2,50
319,76,32,48,49,rand2,50
320,54,39,12,7,rand2,50
321,45,22,4,2,rand2,50
322,51,91,5,8,rand2,50
323,51,100,12,6,rand2,50
324,52,32,15,7,rand2,50
325,61,88,13,6,rand2,50
326,57,58,15,14,rand2,50
327,57,63,13,6,rand2,50
328,48,88,7,5,rand2,50
329,62,83,9,3,rand2,50
330,68,43,36,23,rand2,50
331,50,7,9,7,rand2,50
332,52,93,9,3,rand2,50
333,45,63,5,3,rand2,50
334,71,91,87,13,rand2,50
335,72,99,113,30,rand2,50
336,70,88,77,11,rand2,50
337,69,56,51,9,rand2,50
338,46,22,6,5,rand2,50
339,78,32,273,190,rand2,50
340,52,79,12,9,rand2,50
341,63,4,14,5,rand2,50
342,54,93,9,6,rand2,50
343,40,99,3,3,rand2,50
344,71,93,90,13,rand2,50
345,55,100,10,5,rand2,50
346,50,32,7,8,rand2,50
347,56,97,9,12,rand2,50
348,52,4,18,3,rand2,50
349,56,91,20,6,rand2,50
350,63,58,13,11,rand2,50
351,44,74,4,2,rand2,50
352,46,42,6,2,rand2,50
353,59,7,11,7,rand2,50
354,65,87,6,5,rand2,50
355,51,91,23,7,rand2,50
356,46,90,4,2,rand2,50
357,50,93,13,8,rand2,50
358,64,4,15,10,rand2,50
359,72,39,88,14,rand2,50
360,49,77,7,4,rand2,50
361,45,32,7,5,rand2,50
362,53,93,11,7,rand2,50
363,58,83,10,6,rand2,50
364,59,10,18,5,rand2,50
365,79,83,275,180,rand2,50
366,62,91,8,8,rand2,50
367,61,79,18,7,rand2,50
368,51,99,8,8,rand2,50
369,54,78,15,4,rand2,50
370,70,39,73,11,rand2,50
371,50,17,8,6,rand2,50
372,44,88,5,2,rand2,50
373,79,39,219,15,rand2,50
374,58,47,11,6,rand2,50
375,41,91,3,2,rand2,50
376,74,97,141,36,rand2,50
377,43,93,7,2,rand2,50
378,55,93,15,7,rand2,50
379,47,63,3,3,rand2,50
380,53,7,12,5,rand2,50
381,39,22,1,3,rand2,50
382,45,32,3,6,rand2,50
383,36,99,1,1,rand2,50
384,44,77,3,4,rand2,50
385,59,100,9,10,rand2,50
386,50,93,17,8,rand2,50
387,53,97,16,5,rand2,50
388,67,46,20,17,rand2,50
389,67,4,32,5,rand2,50
390,46,91,3,3,rand2,50
391,63,99,12,4,rand2,50
392,57,14,9,8,rand2,50
393,41,61,3,3,rand2,50
394,58,77,13,14,rand2,50
395,48,24,5,5,rand2,50
396,41,93,2,3,rand2,50
397,69,51,53,23,rand2,50
398,54,81,11,7,rand2,50
399,55,100,15,11,rand2,50
400,42,88,3,5,rand2,50
401,62,63,11,7,rand2,50
402,49,76,6,5,rand2,50
403,46,32,4,3,rand2,50
404,54,79,13,10,rand2,50
405,51,97,18,7,rand2,50
406,48,79,11,5,rand2,50
407,85,80,372,239,rand2,50
408,46,79,6,1,rand2,50
409,61,21,25,6,rand2,50
410,67,42,34,8,rand2,50
411,44,55,5,2,rand2,50
412,50,52,4,6,rand2,50
413,65,18,14,8,rand2,50
414,51,97,14,17,rand2,50
415,56,93,11,6,rand2,50
416,50,65,15,9,rand2,50
417,52,22,12,11,rand2,50
418,67,99,22,14,rand2,50
419,73,81,143,12,rand2,50
420,39,88,2,3,rand2,50
421,54,100,13,9,rand2,50
422,43,83,3,3,rand2,50
423,45,61,5,8,rand2,50
424,70,32,76,17,rand2,50
425,69,32,18,8,rand2,50
426,78,32,246,166,rand2,50
427,56,52,5,9,rand2,50
428,57,46,19,11,rand2,50
429,50,93,8,8,rand2,50
430,36,61,1,1,rand2,50
431,47,7,5,5,rand2,50
432,50,42,10,6,rand2,50
433,52,93,8,7,rand2,50
434,61,46,10,13,rand2,50
435,50,23,9,8,rand2,50
436,56,6,16,6,rand2,50
437,53,97,21,5,rand2,50
438,66,43,19,6,rand2,50
439,52,79,14,8,rand2,50
440,56,76,17,5,rand2,50
441,46,32,3,5,rand2,50
442,83,52,313,212,rand2,50
443,67,81,25,8,rand2,50
444,43,32,8,4,rand2,50
445,54,93,20,4,rand2,50
446,51,17,15,8,rand2,50
447,45,32,5,6,rand2,50
448,52,24,12,8,rand2,50
449,74,99,125,18,rand2,50
450,48,59,9,5,rand2,50
451,57,78,19,15,rand2,50
452,73,22,132,46,rand2,50
453,72,93,112,11,rand2,50
454,42,100,2,3,rand2,50
455,56,32,13,8,rand2,50
456,57,79,18,12,rand2,50
457,35,22,1,2,rand2,50
458,52,18,15,9,rand2,50
459,53,83,9,7,rand2,50
460,61,12,13,8,rand2,50
461,60,99,15,7,rand2,50
462,52,83,18,7,rand2,50
463,72,80,25,20,rand2,50
464,47,97,7,4,rand2,50
465,53,22,16,5,rand2,50
466,54,79,14,6,rand2,50
467,51,79,16,6,rand2,50
468,50,84,7,5,rand2,50
469,70,65,82,11,rand2,50
470,51,93,15,6,rand2,50
471,51,100,19,11,rand2,50
472,45,97,3,3,rand2,50
473,49,99,12,8,rand2,50
474,43,92,1,5,rand2,50
475,52,99,9,12,rand2,50
476,64,7,11,7,rand2,50
477,67,46,30,12,rand2,50
478,59,42,12,7,rand2,50
479,62,31,12,7,rand2,50
480,49,32,1,3,rand2,50
481,62,50,12,9,rand2,50
482,50,17,16,7,rand2,50
483,60,93,16,6,rand2,50
484,37,93,1,1,rand2,50
485,59,12,10,8,rand2,50
486,77,22,186,19,rand2,50
487,68,32,52,13,rand2,50
488,58,51,17,6,rand2,50
489,75,52,48,46,rand2,50
490,57,83,10,13,rand2,50
491,56,100,12,5,rand2,50
492,71,39,96,10,rand2,50
493,71,17,87,27,rand2,50
494,40,99,2,5,rand2,50
495,47,66,6,8,rand2,50
496,62,93,14,8,rand2,50
497,54,79,13,13,rand2,50
498,49,72,2,3,rand2,50
499,55,69,14,7,rand2,50
500,45,97,2,5,rand2,50
501,52,83,15,8,rand2,50
502,48,88,4,3,rand2,50
503,66,17,12,14,rand2,50
504,50,97,11,16,rand2,50
505,68,81,44,6,rand2,50
506,52,91,14,6,rand2,50
507,46,47,3,8,rand2,50
508,52,32,16,8,rand2,50
509,73,22,112,44,rand2,50
510,56,58,16,11,rand2,50
511,52,4,12,4,rand2,50
512,53,6,8,8,rand2,50
513,53,93,11,6,rand2,50
514,51,66,15,5,rand2,50
515,53,59,13,15,rand2,50
516,64,79,13,10,rand2,50
517,56,14,5,10,rand2,50
518,60,42,18,5,rand2,50
519,55,88,11,8,rand2,50
520,56,81,13,5,rand2,50
521,45,97,8,5,rand2,50
522,41,77,6,2,rand2,50
523,48,91,5,5,rand2,50
524,63,39,12,5,rand2,50
525,62,51,16,9,rand2,50
526,69,93,54,10,rand2,50
527,59,74,19,6,rand2,50
528,66,47,15,19,rand2,50
529,42,97,8,1,rand2,50
530,46,91,3,3,rand2,50
531,53,42,17,6,rand2,50
532,61,39,15,15,rand2,50
533,70,11,75,18,rand2,50
534,75,12,156,17,rand2,50
535,72,76,79,10,rand2,50
536,55,22,11,6,rand2,50
537,72,89,91,41,rand2,50
538,58,79,9,5,rand2,50
539,82,95,308,188,rand2,50
540,58,81,11,6,rand2,50
541,56,12,10,9,rand2,50
542,65,32,18,7,rand2,50
543,53,93,15,7,rand2,50
544,70,65,67,20,rand2,50
545,43,91,5,3,rand2,50
546,56,99,15,7,rand2,50
547,50,79,17,10,rand2,50
548,55,12,19,8,rand2,50
549,66,24,19,5,rand2,50
550,57,22,11,9,rand2,50
551,70,27,11,19,rand2,50
552,43,79,6,4,rand2,50
553,80,95,283,209,rand2,50
554,53,18,23,5,rand2,50
555,49,76,6,4,rand2,50
556,49,58,7,8,rand2,50
557,52,22,12,15,rand2,50
558,70,47,64,15,rand2,50
559,53,57,8,6,rand2,50
560,50,50,18,13,rand2,50
561,50,88,18,9,rand2,50
562,42,99,4,4,rand2,50
563,39,38,5,3,rand2,50
564,69,76,50,9,rand2,50
565,43,50,4,3,rand2,50
566,52,32,12,6,rand2,50
567,69,39,57,10,rand2,50
568,69,93,49,10,rand2,50
569,63,10,4,8,rand2,50
570,52,90,17,8,rand2,50
571,39,22,5,2,rand2,50
572,71,51,84,16,rand2,50
573,74,91,134,12,rand2,50
574,62,78,16,12,rand2,50
575,50,52,20,10,rand2,50
576,52,32,8,10,rand2,50
577,51,68,18,5,rand2,50
578,58,99,19,13,rand2,50
579,62,39,14,5,rand2,50
580,48,93,6,5,rand2,50
581,52,88,17,6,rand2,50
582,58,2,13,5,rand2,50
583,70,99,67,26,rand2,50
584,62,69,24,11,rand2,50
585,39,79,4,3,rand2,50
586,52,32,8,6,rand2,50
587,55,93,11,7,rand2,50
588,72,93,113,16,rand2,50
589,79,23,236,185,rand2,50
590,40,91,3,3,rand2,50
591,49,66,7,7,rand2,50
592,77,95,58,46,rand2,50
593,57,58,17,9,rand2,50
594,51,79,10,7,rand2,50
595,38,32,1,2,rand2,50
596,55,72,18,5,rand2,50
597,39,8,4,7,rand2,50
598,53,76,14,7,rand2,50
599,79,32,252,179,rand2,50
600,47,83,9,4,rand2,50
601,71,97,85,38,rand2,50
602,57,4,14,5,rand2,50
603,57,7,15,8,rand2,50
604,47,79,4,7,rand2,50
605,58,65,10,9,rand2,50
606,68,29,38,8,rand2,50
607,62,15,16,8,rand2,50
608,75,32,149,26,rand2,50
609,54,77,20,7,rand2,50
610,49,7,4,5,rand2,50
611,42,91,4,2,rand2,50
612,67,97,29,12,rand2,50
613,52,17,16,5,rand2,50
614,77,6,52,52,rand2,50
615,65,12,12,7,rand2,50
616,59,79,15,8,rand2,50
617,51,50,14,11,rand2,50
618,50,12,20,7,rand2,50
619,53,58,12,11,rand2,50
620,52,39,17,7,rand2,50
621,69,68,52,11,rand2,50
622,44,81,4,5,rand2,50
623,51,99,20,6,rand2,50
624,58,12,12,13,rand2,50
625,56,99,19,12,rand2,50
626,45,91,8,3,rand2,50
627,41,50,4,2,rand2,50
628,42,91,4,2,rand2,50
629,45,88,4,5,rand2,50
630,54,22,15,13,rand2,50
631,59,79,12,6,rand2,50
632,83,32,308,202,rand2,50
633,51,72,19,5,rand2,50
634,56,42,15,7,rand2,50
635,52,83,24,9,rand2,50
636,39,93,3,2,rand2,50
637,45,88,7,2,rand2,50
638,52,4,25,7,rand2,50
639,39,91,3,4,rand2,50
640,52,72,17,8,rand2,50
641,58,91,12,9,rand2,50
642,49,79,3,5,rand2,50
643,65,95,10,8,rand2,50
644,42,99,4,3,rand2,50
645,60,75,12,9,rand2,50
646,50,93,14,4,rand2,50
647,50,74,16,5,rand2,50
648,49,83,10,5,rand2,50
649,52,97,8,13,rand2,50
650,52,91,17,6,rand2,50
651,58,15,13,10,rand2,50
652,51,81,19,7,rand2,50
653,49,58,6,4,rand2,50
654,52,93,13,3,rand2,50
655,50,99,21,7,rand2,50
656,48,91,6,3,rand2,50
657,53,15,14,12,rand2,50
658,69,88,52,8,rand2,50
659,37,88,1,2,rand2,50
660,68,91,42,10,rand2,50
661,69,99,48,9,rand2,50
662,73,97,127,34,rand2,50
663,67,23,9,9,rand2,50
664,43,17,3,5,rand2,50
665,44,19,7,7,rand2,50
666,55,12,16,7,rand2,50
667,68,17,44,10,rand2,50
668,59,74,10,6,rand2,50
669,59,66,8,4,rand2,50
670,41,73,5,3,rand2,50
671,51,93,14,8,rand2,50
672,69,69,48,18,rand2,50
673,50,79,19,8,rand2,50
674,68,56,43,10,rand2,50
675,38,24,2,3,rand2,50
676,72,46,103,15,rand2,50
677,50,88,13,5,rand2,50
678,69,79,64,27,rand2,50
679,54,22,11,9,rand2,50
680,68,11,38,15,rand2,50
681,73,96,131,8,rand2,50
682,80,95,273,171,rand2,50
683,55,95,12,11,rand2,50
684,41,51,4,3,rand2,50
685,48,99,5,3,rand2,50
686,51,65,18,5,rand2,50
687,54,12,7,7,rand2,50
688,57,25,12,7,rand2,50
689,44,7,4,4,rand2,50
690,56,22,16,6,rand2,50
691,38,79,1,3,rand2,50
692,58,93,10,9,rand2,50
693,59,77,14,10,rand2,50
694,55,17,12,9,rand2,50
695,41,24,2,2,rand2,50
696,70,100,15,13,rand2,50
697,52,18,14,8,rand2,50
698,43,32,5,4,rand2,50
699,51,11,11,4,rand2,50
700,59,76,7,7,rand2,50
701,56,22,14,8,rand2,50
702,69,88,38,9,rand2,50
703,52,88,10,8,rand2,50
704,40,61,5,2,rand2,50
705,65,32,16,7,rand2,50
706,45,99,6,3,rand2,50
707,58,100,16,7,rand2,50
708,57,22,15,5,rand2,50
709,57,57,10,7,rand2,50
710,63,100,14,11,rand2,50
711,50,81,16,5,rand2,50
712,70,36,73,17,rand2,50
713,73,58,125,23,rand2,50
714,67,72,26,11,rand2,50
715,51,99,8,9,rand2,50
716,46,23,4,4,rand2,50
717,65,66,11,10,rand2,50
718,63,77,11,3,rand2,50
719,60,84,14,7,rand2,50
720,82,23,341,202,rand2,50
721,69,21,50,6,rand2,50
722,51,32,14,7,rand2,50
723,57,83,12,4,rand2,50
724,58,35,11,5,rand2,50
725,54,22,12,8,rand2,50
726,58,66,9,11,rand2,50
727,48,91,10,4,rand2,50
728,68,32,54,19,rand2,50
729,74,65,136,19,rand2,50
730,62,90,15,9,rand2,50
731,46,76,3,4,rand2,50
732,67,22,23,8,rand2,50
733,51,90,16,11,rand2,50
734,55,7,10,4,rand2,50
735,59,17,20,7,rand2,50
736,62,77,17,8,rand2,50
737,77,37,71,65,rand2,50
738,51,93,23,4,rand2,50
739,55,4,16,9,rand2,50
740,74,95,30,33,rand2,50
741,66,81,19,8,rand2,50
742,56,76,9,7,rand2,50
743,67,25,20,5,rand2,50
744,75,91,156,17,rand2,50
745,56,42,10,6,rand2,50
746,59,91,9,6,rand2,50
747,40,99,2,2,rand2,50
748,49,99,8,5,rand2,50
749,55,50,12,9,rand2,50
750,57,91,13,4,rand2,50
751,56,88,10,4,rand2,50
752,50,91,14,5,rand2,50
753,62,4,9,7,rand2,50
754,46,30,3,4,rand2,50
755,69,72,57,9,rand2,50
756,70,5,59,25,rand2,50
757,71,100,87,16,rand2,50
758,65,63,19,4,rand2,50
759,55,100,26,10,rand2,50
760,50,93,20,7,rand2,50
761,57,51,14,8,rand2,50
762,58,42,8,5,rand2,50
763,61,63,13,8,rand2,50
764,45,99,5,4,rand2,50
765,61,99,15,13,rand2,50
766,68,75,39,15,rand2,50
767,51,88,11,5,rand2,50
768,51,7,20,7,rand2,50
769,50,76,17,6,rand2,50
770,53,58,7,14,rand2,50
771,47,88,4,3,rand2,50
772,72,99,106,14,rand2,50
773,50,79,17,7,rand2,50
774,41,29,2,3,rand2,50
775,66,99,15,8,rand2,50
776,63,31,11,7,rand2,50
777,40,88,2,2,rand2,50
778,72,88,95,11,rand2,50
779,68,58,28,23,rand2,50
780,70,7,82,12,rand2,50
781,56,80,7,6,rand2,50
782,52,93,14,7,rand2,50
783,60,83,11,8,rand2,50
784,53,15,24,10,rand2,50
785,51,51,18,6,rand2,50
786,51,32,15,5,rand2,50
787,46,80,8,5,rand2,50
788,72,63,105,10,rand2,50
789,49,88,9,3,rand2,50
790,61,81,14,3,rand2,50
791,55,42,7,4,rand2,50
792,51,88,12,6,rand2,50
793,44,31,5,3,rand2,50
794,44,74,7,4,rand2,50
795,50,93,8,6,rand2,50
796,53,99,16,9,rand2,50
797,71,52,22,16,rand2,50
798,40,88,4,4,rand2,50
799,64,95,11,15,rand2,50
800,50,93,15,8,rand2,50
801,58,88,11,7,rand2,50
802,50,9,9,6,rand2,50
803,52,83,6,18,rand2,50
804,43,83,4,3,rand2,50
805,56,29,19,8,rand2,50
806,73,22,99,30,rand2,50
807,62,93,12,3,rand2,50
808,71,88,76,9,rand2,50
809,55,29,9,3,rand2,50
810,52,43,14,5,rand2,50
811,59,42,13,4,rand2,50
812,52,17,13,8,rand2,50
813,68,68,29,20,rand2,50
814,54,93,15,6,rand2,50
815,48,15,2,7,rand2,50
816,78,32,257,177,rand2,50
817,56,55,10,13,rand2,50
818,44,22,7,4,rand2,50
819,52,99,13,7,rand2,50
820,54,52,17,12,rand2,50
821,56,81,17,7,rand2,50
822,62,99,16,8,rand2,50
823,65,22,10,7,rand2,50
824,49,24,7,5,rand2,50
825,52,79,8,11,rand2,50
826,57,79,15,5,rand2,50
827,47,76,9,3,rand2,50
828,45,39,4,4,rand2,50
829,50,79,19,14,rand2,50
830,50,32,16,9,rand2,50
831,49,88,11,6,rand2,50
832,50,7,13,7,rand2,50
833,64,81,11,6,rand2,50
834,55,39,22,9,rand2,50
835,69,83,72,17,rand2,50
836,48,72,5,4,rand2,50
837,52,15,10,7,rand2,50
838,56,93,4,7,rand2,50
839,51,4,21,3,rand2,50
840,50,79,14,6,rand2,50
841,43,99,4,4,rand2,50
842,37,77,1,2,rand2,50
843,46,93,4,5,rand2,50
844,48,65,5,4,rand2,50
845,46,72,6,5,rand2,50
846,59,89,12,10,rand2,50
847,58,59,15,3,rand2,50
848,64,25,9,14,rand2,50
849,40,2,3,3,rand2,50
850,63,13,15,7,rand2,50
851,57,54,10,12,rand2,50
852,75,95,44,50,rand2,50
853,61,7,11,7,rand2,50
854,49,14,6,9,rand2,50
855,46,32,4,4,rand2,50
856,65,73,9,7,rand2,50
857,51,100,14,9,rand2,50
858,60,99,19,8,rand2,50
859,55,77,17,9,rand2,50
860,58,93,15,7,rand2,50
861,69,91,50,11,rand2,50
862,57,88,13,5,rand2,50
863,42,91,1,2,rand2,50
864,52,91,11,7,rand2,50
865,48,93,5,5,rand2,50
866,53,74,16,5,rand2,50
867,55,18,12,13,rand2,50
868,51,91,13,4,rand2,50
869,67,39,24,8,rand2,50
870,45,88,6,5,rand2,50
871,63,67,9,2,rand2,50
872,48,22,5,9,rand2,50
873,54,88,8,5,rand2,50
874,52,54,15,13,rand2,50
875,44,99,1,4,rand2,50
876,41,7,1,4,rand2,50
877,46,83,4,2,rand2,50
878,71,39,84,15,rand2,50
879,42,81,5,2,rand2,50
880,69,17,54,7,rand2,50
881,48,83,4,6,rand2,50
882,63,58,14,12,rand2,50
883,77,79,175,38,rand2,50
884,60,22,13,11,rand2,50
885,51,93,19,5,rand2,50
886,69,88,55,12,rand2,50
887,77,54,172,35,rand2,50
888,40,99,2,4,rand2,50
889,46,32,6,4,rand2,50
890,67,93,24,8,rand2,50
891,59,29,14,7,rand2,50
892,53,91,18,7,rand2,50
893,56,99,16,11,rand2,50
894,50,63,19,6,rand2,50
895,73,93,117,17,rand2,50
896,53,93,20,4,rand2,50
897,54,97,16,12,rand2,50
898,64,54,18,7,rand2,50
899,55,93,14,6,rand2,50
900,47,97,5,3,rand2,50
901,80,95,255,188,rand2,50
902,66,50,17,13,rand2,50
903,62,1,6,8,rand2,50
904,59,3,9,11,rand2,50
905,53,99,16,8,rand2,50
906,50,4,20,7,rand2,50
907,54,22,13,11,rand2,50
908,52,88,18,7,rand2,50
909,62,92,15,8,rand2,50
910,57,27,6,9,rand2,50
911,48,32,11,2,rand2,50
912,69,65,66,12,rand2,50
913,50,91,16,6,rand2,50
914,67,79,27,9,rand2,50
915,53,37,11,7,rand2,50
916,72,83,100,23,rand2,50
917,72,79,108,37,rand2,50
918,46,88,8,4,rand2,50
919,58,100,17,4,rand2,50
920,45,91,6,4,rand2,50
921,68,99,22,19,rand2,50
922,56,99,8,8,rand2,50
923,70,51,57,29,rand2,50
924,59,97,14,11,rand2,50
925,73,15,98,28,rand2,50
926,53,7,9,7,rand2,50
927,43,99,3,3,rand2,50
928,76,95,52,45,rand2,50
929,71,22,86,29,rand2,50
930,70,32,63,16,rand2,50
931,46,99,6,3,rand2,50
932,76,23,44,54,rand2,50
933,47,4,7,3,rand2,50
934,70,17,66,10,rand2,50
935,50,54,18,6,rand2,50
936,53,7,11,9,rand2,50
937,49,99,7,4,rand2,50
938,53,72,15,5,rand2,50
939,50,91,12,10,rand2,50
940,43,74,3,2,rand2,50
941,44,39,2,5,rand2,50
942,72,65,85,16,rand2,50
943,62,95,13,10,rand2,50
944,58,10,13,5,rand2,50
945,55,93,14,4,rand2,50
946,63,72,10,6,rand2,50
947,58,79,15,9,rand2,50
948,47,68,4,6,rand2,50
949,59,79,20,7,rand2,50
950,50,7,18,6,rand2,50
951,64,59,17,16,rand2,50
952,70,9,66,24,rand2,50
953,70,93,65,16,rand2,50
954,50,7,14,6,rand2,50
955,46,99,5,3,rand2,50
956,70,99,61,10,rand2,50
957,83,80,317,224,rand2,50
958,43,39,4,4,rand2,50
959,44,74,4,4,rand2,50
960,67,17,28,6,rand2,50
961,70,93,64,11,rand2,50
962,69,17,66,14,rand2,50
963,43,32,4,3,rand2,50
964,51,42,13,7,rand2,50
965,49,91,7,2,rand2,50
966,50,88,12,5,rand2,50
967,72,99,107,16,rand2,50
968,62,88,13,6,rand2,50
969,51,99,13,10,rand2,50
970,52,97,7,13,rand2,50
971,56,99,12,9,rand2,50
972,46,97,6,4,rand2,50
973,44,88,6,4,rand2,50
974,46,63,5,4,rand2,50
975,51,7,13,7,rand2,50
976,58,91,10,5,rand2,50
977,52,97,14,14,rand2,50
978,64,68,9,3,rand2,50
979,51,31,12,14,rand2,50
980,38,99,2,2,rand2,50
981,51,22,17,6,rand2,50
982,45,7,7,5,rand2,50
983,58,83,18,7,rand2,50
984,46,7,7,3,rand2,50
985,55,100,5,9,rand2,50
986,68,7,43,11,rand2,50
987,77,12,177,20,rand2,50
988,55,99,19,9,rand2,50
989,48,91,11,3,rand2,50
990,55,50,11,11,rand2,50
991,62,99,20,7,rand2,50
992,68,99,44,13,rand2,50
993,38,88,3,3,rand2,50
994,50,24,7,10,rand2,50
995,53,88,15,5,rand2,50
996,74,24,140,12,rand2,50
997,67,49,5,6,rand2,50
998,47,12,6,3,rand2,50
999,69,88,61,10,rand2,50
1000,52,45,12,7,rand2,50
